<?xml version="1.0" encoding="UTF-8"?>
<!DOCTYPE hibernate-configuration PUBLIC
"-//Hibernate/Hibernate Configuration DTD 3.0//EN"
"http://hibernate.sourceforge.net/hibernate-configuration-3.0.dtd">
<hibernate-configuration>
	<session-factory>
		<property name="hbm2ddl.auto">update</property>
		<property name="dialect">org.hibernate.dialect.MySQLDialect</property>
		<property name="connection.url">jdbc:mysql://localhost:3306/hospital
		</property>
		<property name="connection.username">root</property>
		<property name="connection.password">Pa55w0rd@2k23</property>
		<property name="connection.driver_class">com.mysql.jdbc.Driver</property>
		<property name="show_sql">true</property>
		<mapping class="com.hms.bean.Hospital" />
	</session-factory>
</hibernate-configuration>
