
<!-- 
<?xml version='1.0' encoding='UTF-8'?>
<!DOCTYPE hibernate-mapping PUBLIC
"-//Hibernate/Hibernate Mapping DTD 3.0//EN"
"http://hibernate.sourceforge.net/hibernate-mapping-3.0.dtd">
<hibernate-mapping>
<class name="com.jeyavel.Employee" table="tbl_employee">
<id name="id" column="Id">
<generator class="assigned"></generator>
</id>
<property name="name" column="Name"></property>
<property name="salary" column="salary"></property>
<property name="Dno" column="Dno"></property>
</class>
</hibernate-mapping>

 -->