<?xml version="1.0" encoding="UTF-8"?>
<!DOCTYPE hibernate-mapping PUBLIC "-//Hibernate/Hibernate Mapping DTD 3.0//EN" "http://hibernate.sourceforge.net/hibernate-mapping-3.0.dtd">
<hibernate-mapping> <!-- root tag -->
	<class name="com.gayathri.Employee" table="tbl_employee">
<!-- 	name is bean class name with bean -->
		<id name="id" column="e_id">
<!-- 		name = bean preperty name primary key, column name = database name  framework la ihtu primary key-->
			<generator class="assigned"></generator>
<!-- 			manually passing -->
		</id>
		<property name="name" column="e_name"></property>
<!-- 		name= property field, column=database column name -->
		<property name="salary" column="e_salary"></property>
	</class>
</hibernate-mapping>