<?xml version="1.0" encoding="UTF-8"?>
<!DOCTYPE hibernate-configuration PUBLIC
"-//Hibernate/Hibernate Configuration DTD 3.0//EN"
"http://hibernate.sourceforge.net/hibernate-configuration-3.0.dtd">
<hibernate-configuration>
	<session-factory>
		<property name="hbm2ddl.auto">update</property>

		<property name="connection.url">jdbc:mysql://localhost:3306/student</property>
		<property name="connection.username">root</property>
		<property name="connection.password">Pa55w0rd@2k23</property>
		<property name="connection.driver_class">com.mysql.jdbc.Driver</property>

		<mapping class="com.mahesh.Employee"></mapping>
		<!-- <mapping resource="hibernate.hbm.xml" /> -->
		
	</session-factory>
</hibernate-configuration>