<!--

<?xml version="1.0" encoding="UTF-8"?>
<!DOCTYPE hibernate-mapping PUBLIC
"-//Hibernate/Hibernate Mapping DTD 3.0//EN"
"http://hibernate.sourceforge.net/hibernate-mapping-3.0.dtd">
<hibernate-mapping>
	<class name="com.mahesh.Employee" table="tbl_emp">
		<id name="id" column="e_id">
			<generator class="assigned"></generator>
		</id>
		<property name="name" column="e_name"></property>
		<property name="salary" column="e_salary"></property>

	</class>
</hibernate-mapping>

-->